{"meta": {"format": 3, "version": "7.11.0", "timestamp": "2026-01-02T14:33:21.643429", "branch_coverage": false, "show_contexts": false}, "files": {"src/__init__.py": {"executed_lines": [1], "summary": {"covered_lines": 0, "num_statements": 0, "percent_covered": 100.0, "percent_covered_display": "100", "missing_lines": 0, "excluded_lines": 0}, "missing_lines": [], "excluded_lines": [], "functions": {"": {"executed_lines": [1], "summary": {"covered_lines": 0, "num_statements": 0, "percent_covered": 100.0, "percent_covered_display": "100", "missing_lines": 0, "excluded_lines": 0}, "missing_lines": [], "excluded_lines": []}}, "classes": {"": {"executed_lines": [1], "summary": {"covered_lines": 0, "num_statements": 0, "percent_covered": 100.0, "percent_covered_display": "100", "missing_lines": 0, "excluded_lines": 0}, "missing_lines": [], "excluded_lines": []}}}, "src/mathematical_visualization.py": {"executed_lines": [1, 58, 59, 60, 61, 64, 65, 66, 67, 72, 150, 152, 153, 155, 156, 157, 158, 159, 160, 161, 162, 163, 165, 166, 167, 168, 169, 171, 174, 193, 194, 196, 197, 198, 199, 202, 203, 204, 205, 206, 208, 209, 211, 214, 233, 236, 240, 241, 243, 244, 246, 247, 248, 249, 250, 252, 255, 276, 278, 279, 281, 282, 283, 284, 285, 291, 292, 293, 294, 295, 297, 300, 321, 323, 324, 326, 327, 328, 329, 330, 336, 337, 338, 339, 340, 341, 343, 346, 363, 366, 368, 370, 371, 372, 374, 377, 388, 391, 398, 399, 402, 407, 408, 411, 412, 413, 414, 417, 423, 424, 427, 432, 433, 435], "summary": {"covered_lines": 113, "num_statements": 124, "percent_covered": 91.12903225806451, "percent_covered_display": "91", "missing_lines": 11, "excluded_lines": 1}, "missing_lines": [68, 69, 286, 287, 288, 289, 331, 332, 333, 334, 364], "excluded_lines": [80], "functions": {"plot_function_comparison": {"executed_lines": [150, 152, 153, 155, 156, 157, 158, 159, 160, 161, 162, 163, 165, 166, 167, 168, 169, 171], "summary": {"covered_lines": 18, "num_statements": 18, "percent_covered": 100.0, "percent_covered_display": "100", "missing_lines": 0, "excluded_lines": 1}, "missing_lines": [], "excluded_lines": [80]}, "plot_convergence_analysis": {"executed_lines": [193, 194, 196, 197, 198, 199, 202, 203, 204, 205, 206, 208, 209, 211], "summary": {"covered_lines": 14, "num_statements": 14, "percent_covered": 100.0, "percent_covered_display": "100", "missing_lines": 0, "excluded_lines": 0}, "missing_lines": [], "excluded_lines": []}, "plot_statistical_distribution": {"executed_lines": [233, 236, 240, 241, 243, 244, 246, 247, 248, 249, 250, 252], "summary": {"covered_lines": 12, "num_statements": 12, "percent_covered": 100.0, "percent_covered_display": "100", "missing_lines": 0, "excluded_lines": 0}, "missing_lines": [], "excluded_lines": []}, "plot_growth_rates": {"executed_lines": [276, 278, 279, 281, 282, 283, 284, 285, 291, 292, 293, 294, 295, 297], "summary": {"covered_lines": 14, "num_statements": 18, "percent_covered": 77.77777777777777, "percent_covered_display": "78", "missing_lines": 4, "excluded_lines": 0}, "missing_lines": [286, 287, 288, 289], "excluded_lines": []}, "plot_theoretical_convergence": {"executed_lines": [321, 323, 324, 326, 327, 328, 329, 330, 336, 337, 338, 339, 340, 341, 343], "summary": {"covered_lines": 15, "num_statements": 19, "percent_covered": 78.94736842105263, "percent_covered_display": "79", "missing_lines": 4, "excluded_lines": 0}, "missing_lines": [331, 332, 333, 334], "excluded_lines": []}, "save_figure": {"executed_lines": [363, 366, 368, 370, 371, 372, 374], "summary": {"covered_lines": 7, "num_statements": 8, "percent_covered": 87.5, "percent_covered_display": "88", "missing_lines": 1, "excluded_lines": 0}, "missing_lines": [364], "excluded_lines": []}, "create_comprehensive_visualization": {"executed_lines": [388, 391, 398, 399, 402, 407, 408, 411, 412, 413, 414, 417, 423, 424, 427, 432, 433, 435], "summary": {"covered_lines": 18, "num_statements": 18, "percent_covered": 100.0, "percent_covered_display": "100", "missing_lines": 0, "excluded_lines": 0}, "missing_lines": [], "excluded_lines": []}, "": {"executed_lines": [1, 58, 59, 60, 61, 64, 65, 66, 67, 72, 174, 214, 255, 300, 346, 377], "summary": {"covered_lines": 15, "num_statements": 17, "percent_covered": 88.23529411764706, "percent_covered_display": "88", "missing_lines": 2, "excluded_lines": 0}, "missing_lines": [68, 69], "excluded_lines": []}}, "classes": {"": {"executed_lines": [1, 58, 59, 60, 61, 64, 65, 66, 67, 72, 150, 152, 153, 155, 156, 157, 158, 159, 160, 161, 162, 163, 165, 166, 167, 168, 169, 171, 174, 193, 194, 196, 197, 198, 199, 202, 203, 204, 205, 206, 208, 209, 211, 214, 233, 236, 240, 241, 243, 244, 246, 247, 248, 249, 250, 252, 255, 276, 278, 279, 281, 282, 283, 284, 285, 291, 292, 293, 294, 295, 297, 300, 321, 323, 324, 326, 327, 328, 329, 330, 336, 337, 338, 339, 340, 341, 343, 346, 363, 366, 368, 370, 371, 372, 374, 377, 388, 391, 398, 399, 402, 407, 408, 411, 412, 413, 414, 417, 423, 424, 427, 432, 433, 435], "summary": {"covered_lines": 113, "num_statements": 124, "percent_covered": 91.12903225806451, "percent_covered_display": "91", "missing_lines": 11, "excluded_lines": 1}, "missing_lines": [68, 69, 286, 287, 288, 289, 331, 332, 333, 334, 364], "excluded_lines": [80]}}}, "src/prose_smoke.py": {"executed_lines": [1, 17, 20, 23, 58, 61, 90], "summary": {"covered_lines": 6, "num_statements": 6, "percent_covered": 100.0, "percent_covered_display": "100", "missing_lines": 0, "excluded_lines": 0}, "missing_lines": [], "excluded_lines": [], "functions": {"identity": {"executed_lines": [58], "summary": {"covered_lines": 1, "num_statements": 1, "percent_covered": 100.0, "percent_covered_display": "100", "missing_lines": 0, "excluded_lines": 0}, "missing_lines": [], "excluded_lines": []}, "constant_value": {"executed_lines": [90], "summary": {"covered_lines": 1, "num_statements": 1, "percent_covered": 100.0, "percent_covered_display": "100", "missing_lines": 0, "excluded_lines": 0}, "missing_lines": [], "excluded_lines": []}, "": {"executed_lines": [1, 17, 20, 23, 61], "summary": {"covered_lines": 4, "num_statements": 4, "percent_covered": 100.0, "percent_covered_display": "100", "missing_lines": 0, "excluded_lines": 0}, "missing_lines": [], "excluded_lines": []}}, "classes": {"": {"executed_lines": [1, 17, 20, 23, 58, 61, 90], "summary": {"covered_lines": 6, "num_statements": 6, "percent_covered": 100.0, "percent_covered_display": "100", "missing_lines": 0, "excluded_lines": 0}, "missing_lines": [], "excluded_lines": []}}}}, "totals": {"covered_lines": 119, "num_statements": 130, "percent_covered": 91.53846153846153, "percent_covered_display": "92", "missing_lines": 11, "excluded_lines": 1}}