{
  "num_nodes": 1208,
  "num_edges": 2780,
  "density": 0.0019066483043175297,
  "avg_in_degree": 2.301324503311258,
  "connected_components": 700,
  "num_communities": 704,
  "total_references": 45716,
  "top_pagerank": {
    "doi:10.1371/journal.pcbi.1000211": 0.047849801938864726,
    "doi:10.1162/NECO_a_00912": 0.017343464150405018,
    "doi:10.1371/journal.pone.0006421": 0.01620905599062072,
    "doi:10.1155/2010/621670": 0.014242394339103596,
    "doi:10.1016/J.JPHYSPARIS.2006.10.001": 0.01313221984363378
  },
  "top_hubs": {
    "doi:10.1007/s10539-020-09746-2": 0.021628634348639018,
    "doi:10.3390/e23060783": 0.016622678290191265,
    "doi:10.3389/fncom.2018.00090": 0.015265039495555754,
    "doi:10.3389/fncom.2020.00030": 0.014356410512768513,
    "doi:10.31234/osf.io/kjngh": 0.013734931101980683
  },
  "top_authorities": {
    "doi:10.1162/neco_a_00912": 0.05316260368281696,
    "doi:10.1162/netn_a_00018": 0.039238840863083595,
    "doi:10.1098/rsif.2013.0475": 0.03689231416318892,
    "doi:10.1017/s0140525x12000477": 0.03255454440907587,
    "doi:10.1007/s00429-012-0475-5": 0.032048349122967064
  }
}