{
  "FEP_UNIVERSALITY": 0.38256535368558403,
  "AIF_OPTIMALITY": 0.2239794631139859,
  "MARKOV_BLANKET_REALISM": 0.19431652631749358,
  "PREDICTIVE_CODING": 0.8550246189870783,
  "SCALABILITY": 0.6646917078884397,
  "CLINICAL_UTILITY": 0.4524817591469859,
  "MORPHOGENESIS": 0.31929702427709894,
  "LANGUAGE_AIF": 0.4322396944804043
}