{
  "seed": 20260322,
  "q_max": 120,
  "n_uniform": 4000,
  "n_quadratic": 2000,
  "n_beta": 1000,
  "beta_a": 0.5,
  "beta_b": 0.5,
  "quadratic_candidates": [
    2,
    3,
    5,
    6,
    7,
    10,
    11,
    13,
    14,
    15,
    17,
    19
  ],
  "compare_mod1": false,
  "reference_combined_n": 7000,
  "reference_summary": {
    "n": 7000.0,
    "min": 1.1275538280841602e-08,
    "q25": 3.252680845600153e-05,
    "median": 5.679429974760064e-05,
    "q75": 9.462585886007777e-05,
    "max": 0.004113715728594314,
    "mean": 0.00013023601573017133,
    "p05": 8.25344933944594e-06,
    "p95": 0.00037366621317272945
  },
  "reference_q_squared_summary": {
    "n": 7000.0,
    "min": 1.1275538280841602e-08,
    "q25": 0.04763199994487928,
    "median": 0.11466148551466726,
    "q75": 0.15800423393833685,
    "max": 0.343186712558855,
    "mean": 0.11304665759383761,
    "p05": 0.006954874804496137,
    "p95": 0.2679491924311228
  },
  "constants": [
    {
      "name": "pi",
      "x": 3.141592653589793,
      "q_max": 120,
      "use_fractional_part": false,
      "min_distance": 2.667641894049666e-07,
      "reference_median": 5.679429974760064e-05,
      "reference_mean": 0.00013023601573017133,
      "empirical_percentile_rank": 0.0017142857142857142,
      "reference_n": 7000,
      "min_q_squared_error": 0.0034063119345120185,
      "empirical_percentile_rank_q_squared": 0.028428571428571428
    },
    {
      "name": "e",
      "x": 2.718281828459045,
      "q_max": 120,
      "use_fractional_part": false,
      "min_distance": 2.8030695884417867e-05,
      "reference_median": 5.679429974760064e-05,
      "reference_mean": 0.00013023601573017133,
      "empirical_percentile_rank": 0.19242857142857142,
      "reference_n": 7000,
      "min_q_squared_error": 0.14130273795335047,
      "empirical_percentile_rank_q_squared": 0.6891428571428572
    },
    {
      "name": "sqrt2",
      "x": 1.4142135623730951,
      "q_max": 120,
      "use_fractional_part": false,
      "min_distance": 7.214823168100182e-05,
      "reference_median": 5.679429974760064e-05,
      "reference_mean": 0.00013023601573017133,
      "empirical_percentile_rank": 0.5742857142857143,
      "reference_n": 7000,
      "min_q_squared_error": 0.3431457505076194,
      "empirical_percentile_rank_q_squared": 0.9758571428571429
    },
    {
      "name": "sqrt3",
      "x": 1.7320508075688772,
      "q_max": 120,
      "use_fractional_part": false,
      "min_distance": 9.204468227919094e-05,
      "reference_median": 5.679429974760064e-05,
      "reference_mean": 0.00013023601573017133,
      "empirical_percentile_rank": 0.7175714285714285,
      "reference_n": 7000,
      "min_q_squared_error": 0.2679491924311228,
      "empirical_percentile_rank_q_squared": 0.9461428571428572
    },
    {
      "name": "golden_ratio",
      "x": 1.618033988749895,
      "q_max": 120,
      "use_fractional_part": false,
      "min_distance": 5.6460660007306984e-05,
      "reference_median": 5.679429974760064e-05,
      "reference_mean": 0.00013023601573017133,
      "empirical_percentile_rank": 0.49814285714285716,
      "reference_n": 7000,
      "min_q_squared_error": 0.3819660112501051,
      "empirical_percentile_rank_q_squared": 1.0
    },
    {
      "name": "one_sixth",
      "x": 0.16666666666666666,
      "q_max": 120,
      "use_fractional_part": false,
      "min_distance": 0.0,
      "reference_median": 5.679429974760064e-05,
      "reference_mean": 0.00013023601573017133,
      "empirical_percentile_rank": 0.0,
      "reference_n": 7000,
      "min_q_squared_error": 0.0,
      "empirical_percentile_rank_q_squared": 0.0
    },
    {
      "name": "ln2",
      "x": 0.6931471805599453,
      "q_max": 120,
      "use_fractional_part": false,
      "min_distance": 3.4637621872946056e-05,
      "reference_median": 5.679429974760064e-05,
      "reference_mean": 0.00013023601573017133,
      "empirical_percentile_rank": 0.27914285714285714,
      "reference_n": 7000,
      "min_q_squared_error": 0.14187351463075626,
      "empirical_percentile_rank_q_squared": 0.6902857142857143
    }
  ],
  "histogram_uniform_cap": 8000
}