{
  "iteration": 0,
  "parameters": {},
  "results": {
    "iteration_0": {
      "value": 0.4967141530112327,
      "error": 9.503285846988767,
      "step_size": 0.4967141530112327
    }
  },
  "metadata": {},
  "timestamp": "2026-01-24 13:58:46",
  "seed": 42
}