{"meta": {"format": 3, "version": "7.13.2", "timestamp": "2026-03-12T11:58:59.904240", "branch_coverage": true, "show_contexts": false}, "files": {"projects/code_project/src/optimizer.py": {"executed_lines": [7, 9, 10, 12, 14, 16, 19, 20, 23, 24, 25, 26, 27, 28, 31, 35, 36, 38, 39, 41, 42, 43, 45, 46, 48, 49, 50, 53, 54, 56, 59, 63, 64, 66, 67, 69, 71, 72, 74, 77, 80, 108, 109, 110, 111, 112, 113, 115, 116, 117, 118, 119, 121, 122, 123, 125, 127, 128, 129, 131, 135, 136, 137, 138, 141, 142, 145, 147, 148, 150, 151, 155, 159, 169, 192, 193, 195, 196, 198, 201, 229, 230, 232, 233, 242], "summary": {"covered_lines": 85, "num_statements": 87, "percent_covered": 96.63865546218487, "percent_covered_display": "96.64", "missing_lines": 2, "excluded_lines": 0, "percent_statements_covered": 97.70114942528735, "percent_statements_covered_display": "97.70", "num_branches": 32, "num_partial_branches": 2, "covered_branches": 30, "missing_branches": 2, "percent_branches_covered": 93.75, "percent_branches_covered_display": "93.75"}, "missing_lines": [132, 133], "excluded_lines": [], "executed_branches": [[38, 39], [38, 41], [42, 43], [42, 45], [45, 46], [45, 48], [49, 50], [49, 53], [66, 67], [66, 69], [71, 72], [71, 74], [108, 109], [108, 110], [110, 111], [110, 112], [112, 113], [112, 115], [116, 117], [116, 118], [118, 119], [118, 121], [127, 128], [127, 147], [131, 135], [135, 136], [135, 141], [150, 151], [150, 155], [229, 230]], "missing_branches": [[131, 132], [229, 232]], "functions": {"quadratic_function": {"executed_lines": [35, 36, 38, 39, 41, 42, 43, 45, 46, 48, 49, 50, 53, 54, 56], "summary": {"covered_lines": 15, "num_statements": 15, "percent_covered": 100.0, "percent_covered_display": "100.00", "missing_lines": 0, "excluded_lines": 0, "percent_statements_covered": 100.0, "percent_statements_covered_display": "100.00", "num_branches": 8, "num_partial_branches": 0, "covered_branches": 8, "missing_branches": 0, "percent_branches_covered": 100.0, "percent_branches_covered_display": "100.00"}, "missing_lines": [], "excluded_lines": [], "start_line": 31, "executed_branches": [[38, 39], [38, 41], [42, 43], [42, 45], [45, 46], [45, 48], [49, 50], [49, 53]], "missing_branches": []}, "compute_gradient": {"executed_lines": [63, 64, 66, 67, 69, 71, 72, 74, 77], "summary": {"covered_lines": 9, "num_statements": 9, "percent_covered": 100.0, "percent_covered_display": "100.00", "missing_lines": 0, "excluded_lines": 0, "percent_statements_covered": 100.0, "percent_statements_covered_display": "100.00", "num_branches": 4, "num_partial_branches": 0, "covered_branches": 4, "missing_branches": 0, "percent_branches_covered": 100.0, "percent_branches_covered_display": "100.00"}, "missing_lines": [], "excluded_lines": [], "start_line": 59, "executed_branches": [[66, 67], [66, 69], [71, 72], [71, 74]], "missing_branches": []}, "gradient_descent": {"executed_lines": [108, 109, 110, 111, 112, 113, 115, 116, 117, 118, 119, 121, 122, 123, 125, 127, 128, 129, 131, 135, 136, 137, 138, 141, 142, 145, 147, 148, 150, 151, 155, 159], "summary": {"covered_lines": 32, "num_statements": 34, "percent_covered": 94.23076923076923, "percent_covered_display": "94.23", "missing_lines": 2, "excluded_lines": 0, "percent_statements_covered": 94.11764705882354, "percent_statements_covered_display": "94.12", "num_branches": 18, "num_partial_branches": 1, "covered_branches": 17, "missing_branches": 1, "percent_branches_covered": 94.44444444444444, "percent_branches_covered_display": "94.44"}, "missing_lines": [132, 133], "excluded_lines": [], "start_line": 80, "executed_branches": [[108, 109], [108, 110], [110, 111], [110, 112], [112, 113], [112, 115], [116, 117], [116, 118], [118, 119], [118, 121], [127, 128], [127, 147], [131, 135], [135, 136], [135, 141], [150, 151], [150, 155]], "missing_branches": [[131, 132]]}, "make_quadratic_problem": {"executed_lines": [192, 195, 198], "summary": {"covered_lines": 3, "num_statements": 3, "percent_covered": 100.0, "percent_covered_display": "100.00", "missing_lines": 0, "excluded_lines": 0, "percent_statements_covered": 100.0, "percent_statements_covered_display": "100.00", "num_branches": 0, "num_partial_branches": 0, "covered_branches": 0, "missing_branches": 0, "percent_branches_covered": 100.0, "percent_branches_covered_display": "100.00"}, "missing_lines": [], "excluded_lines": [], "start_line": 169, "executed_branches": [], "missing_branches": []}, "make_quadratic_problem.obj_func": {"executed_lines": [193], "summary": {"covered_lines": 1, "num_statements": 1, "percent_covered": 100.0, "percent_covered_display": "100.00", "missing_lines": 0, "excluded_lines": 0, "percent_statements_covered": 100.0, "percent_statements_covered_display": "100.00", "num_branches": 0, "num_partial_branches": 0, "covered_branches": 0, "missing_branches": 0, "percent_branches_covered": 100.0, "percent_branches_covered_display": "100.00"}, "missing_lines": [], "excluded_lines": [], "start_line": 192, "executed_branches": [], "missing_branches": []}, "make_quadratic_problem.grad_func": {"executed_lines": [196], "summary": {"covered_lines": 1, "num_statements": 1, "percent_covered": 100.0, "percent_covered_display": "100.00", "missing_lines": 0, "excluded_lines": 0, "percent_statements_covered": 100.0, "percent_statements_covered_display": "100.00", "num_branches": 0, "num_partial_branches": 0, "covered_branches": 0, "missing_branches": 0, "percent_branches_covered": 100.0, "percent_branches_covered_display": "100.00"}, "missing_lines": [], "excluded_lines": [], "start_line": 195, "executed_branches": [], "missing_branches": []}, "simulate_trajectory": {"executed_lines": [229, 230, 232, 233, 242], "summary": {"covered_lines": 5, "num_statements": 5, "percent_covered": 85.71428571428571, "percent_covered_display": "85.71", "missing_lines": 0, "excluded_lines": 0, "percent_statements_covered": 100.0, "percent_statements_covered_display": "100.00", "num_branches": 2, "num_partial_branches": 1, "covered_branches": 1, "missing_branches": 1, "percent_branches_covered": 50.0, "percent_branches_covered_display": "50.00"}, "missing_lines": [], "excluded_lines": [], "start_line": 201, "executed_branches": [[229, 230]], "missing_branches": [[229, 232]]}, "": {"executed_lines": [7, 9, 10, 12, 14, 16, 19, 20, 23, 24, 25, 26, 27, 28, 31, 59, 80, 169, 201], "summary": {"covered_lines": 19, "num_statements": 19, "percent_covered": 100.0, "percent_covered_display": "100.00", "missing_lines": 0, "excluded_lines": 0, "percent_statements_covered": 100.0, "percent_statements_covered_display": "100.00", "num_branches": 0, "num_partial_branches": 0, "covered_branches": 0, "missing_branches": 0, "percent_branches_covered": 100.0, "percent_branches_covered_display": "100.00"}, "missing_lines": [], "excluded_lines": [], "start_line": 1, "executed_branches": [], "missing_branches": []}}, "classes": {"OptimizationResult": {"executed_lines": [], "summary": {"covered_lines": 0, "num_statements": 0, "percent_covered": 100.0, "percent_covered_display": "100.00", "missing_lines": 0, "excluded_lines": 0, "percent_statements_covered": 100.0, "percent_statements_covered_display": "100.00", "num_branches": 0, "num_partial_branches": 0, "covered_branches": 0, "missing_branches": 0, "percent_branches_covered": 100.0, "percent_branches_covered_display": "100.00"}, "missing_lines": [], "excluded_lines": [], "start_line": 20, "executed_branches": [], "missing_branches": []}, "": {"executed_lines": [7, 9, 10, 12, 14, 16, 19, 20, 23, 24, 25, 26, 27, 28, 31, 35, 36, 38, 39, 41, 42, 43, 45, 46, 48, 49, 50, 53, 54, 56, 59, 63, 64, 66, 67, 69, 71, 72, 74, 77, 80, 108, 109, 110, 111, 112, 113, 115, 116, 117, 118, 119, 121, 122, 123, 125, 127, 128, 129, 131, 135, 136, 137, 138, 141, 142, 145, 147, 148, 150, 151, 155, 159, 169, 192, 193, 195, 196, 198, 201, 229, 230, 232, 233, 242], "summary": {"covered_lines": 85, "num_statements": 87, "percent_covered": 96.63865546218487, "percent_covered_display": "96.64",