{"meta": {"format": 3, "version": "7.13.2", "timestamp": "2026-03-04T13:32:58.294527", "branch_coverage": true, "show_contexts": false}, "files": {"projects/code_project/src/optimizer.py": {"executed_lines": [39, 41, 42, 44, 47, 48, 50, 51, 52, 53, 56, 57, 81, 82, 83, 84, 85, 86, 89, 120, 121, 123, 124, 126, 127, 128, 130, 131, 133, 134, 135, 138, 139, 141, 144, 168, 169, 171, 172, 174, 176, 177, 179, 182, 185, 252, 253, 254, 255, 256, 257, 259, 260, 261, 262, 263, 265, 266, 267, 269, 270, 272, 273, 274, 276, 277, 278, 279, 283, 284, 285, 286, 287, 290, 291, 294, 296, 297, 299, 300, 301, 305, 309, 319, 342, 343, 345, 346, 348, 351, 379, 380, 382, 383, 392], "summary": {"covered_lines": 95, "num_statements": 95, "percent_covered": 99.25925925925925, "percent_covered_display": "99.26", "missing_lines": 0, "excluded_lines": 0, "percent_statements_covered": 100.0, "percent_statements_covered_display": "100.00", "num_branches": 40, "num_partial_branches": 1, "covered_branches": 39, "missing_branches": 1, "percent_branches_covered": 97.5, "percent_branches_covered_display": "97.50"}, "missing_lines": [], "excluded_lines": [], "executed_branches": [[123, 124], [123, 126], [127, 128], [127, 130], [130, 131], [130, 133], [134, 135], [134, 138], [171, 172], [171, 174], [176, 177], [176, 179], [252, 253], [252, 254], [254, 255], [254, 256], [256, 257], [256, 259], [260, 261], [260, 262], [262, 263], [262, 265], [269, 270], [269, 272], [272, 273], [272, 296], [276, 277], [276, 283], [278, 279], [278, 283], [283, 284], [283, 290], [285, 286], [285, 287], [299, 300], [299, 309], [300, 301], [300, 305], [379, 380]], "missing_branches": [[379, 382]], "functions": {"quadratic_function": {"executed_lines": [120, 121, 123, 124, 126, 127, 128, 130, 131, 133, 134, 135, 138, 139, 141], "summary": {"covered_lines": 15, "num_statements": 15, "percent_covered": 100.0, "percent_covered_display": "100.00", "missing_lines": 0, "excluded_lines": 0, "percent_statements_covered": 100.0, "percent_statements_covered_display": "100.00", "num_branches": 8, "num_partial_branches": 0, "covered_branches": 8, "missing_branches": 0, "percent_branches_covered": 100.0, "percent_branches_covered_display": "100.00"}, "missing_lines": [], "excluded_lines": [], "start_line": 89, "executed_branches": [[123, 124], [123, 126], [127, 128], [127, 130], [130, 131], [130, 133], [134, 135], [134, 138]], "missing_branches": []}, "compute_gradient": {"executed_lines": [168, 169, 171, 172, 174, 176, 177, 179, 182], "summary": {"covered_lines": 9, "num_statements": 9, "percent_covered": 100.0, "percent_covered_display": "100.00", "missing_lines": 0, "excluded_lines": 0, "percent_statements_covered": 100.0, "percent_statements_covered_display": "100.00", "num_branches": 4, "num_partial_branches": 0, "covered_branches": 4, "missing_branches": 0, "percent_branches_covered": 100.0, "percent_branches_covered_display": "100.00"}, "missing_lines": [], "excluded_lines": [], "start_line": 144, "executed_branches": [[171, 172], [171, 174], [176, 177], [176, 179]], "missing_branches": []}, "gradient_descent": {"executed_lines": [252, 253, 254, 255, 256, 257, 259, 260, 261, 262, 263, 265, 266, 267, 269, 270, 272, 273, 274, 276, 277, 278, 279, 283, 284, 285, 286, 287, 290, 291, 294, 296, 297, 299, 300, 301, 305, 309], "summary": {"covered_lines": 38, "num_statements": 38, "percent_covered": 100.0, "percent_covered_display": "100.00", "missing_lines": 0, "excluded_lines": 0, "percent_statements_covered": 100.0, "percent_statements_covered_display": "100.00", "num_branches": 26, "num_partial_branches": 0, "covered_branches": 26, "missing_branches": 0, "percent_branches_covered": 100.0, "percent_branches_covered_display": "100.00"}, "missing_lines": [], "excluded_lines": [], "start_line": 185, "executed_branches": [[252, 253], [252, 254], [254, 255], [254, 256], [256, 257], [256, 259], [260, 261], [260, 262], [262, 263], [262, 265], [269, 270], [269, 272], [272, 273], [272, 296], [276, 277], [276, 283], [278, 279], [278, 283], [283, 284], [283, 290], [285, 286], [285, 287], [299, 300], [299, 309], [300, 301], [300, 305]], "missing_branches": []}, "make_quadratic_problem": {"executed_lines": [342, 345, 348], "summary": {"covered_lines": 3, "num_statements": 3, "percent_covered": 100.0, "percent_covered_display": "100.00", "missing_lines": 0, "excluded_lines": 0, "percent_statements_covered": 100.0, "percent_statements_covered_display": "100.00", "num_branches": 0, "num_partial_branches": 0, "covered_branches": 0, "missing_branches": 0, "percent_branches_covered": 100.0, "percent_branches_covered_display": "100.00"}, "missing_lines": [], "excluded_lines": [], "start_line": 319, "executed_branches": [], "missing_branches": []}, "make_quadratic_problem.obj_func": {"executed_lines": [343], "summary": {"covered_lines": 1, "num_statements": 1, "percent_covered": 100.0, "percent_covered_display": "100.00", "missing_lines": 0, "excluded_lines": 0, "percent_statements_covered": 100.0, "percent_statements_covered_display": "100.00", "num_branches": 0, "num_partial_branches": 0, "covered_branches": 0, "missing_branches": 0, "percent_branches_covered": 100.0, "percent_branches_covered_display": "100.00"}, "missing_lines": [], "excluded_lines": [], "start_line": 342, "executed_branches": [], "missing_branches": []}, "make_quadratic_problem.grad_func": {"executed_lines": [346], "summary": {"covered_lines": 1, "num_statements": 1, "percent_covered": 100.0, "percent_covered_display": "100.00", "missing_lines": 0, "excluded_lines": 0, "percent_statements_covered": 100.0, "percent_statements_covered_display": "100.00", "num_branches": 0, "num_partial_branches": 0, "covered_branches": 0, "missing_branches": 0, "percent_branches_covered": 100.0, "percent_branches_covered_display": "100.00"}, "missing_lines": [], "excluded_lines": [], "start_line": 345, "executed_branches": [], "missing_branches": []}, "simulate_trajectory": {"executed_lines": [379, 380, 382, 383, 392], "summary": {"covered_lines": 5, "num_statements": 5, "percent_covered": 85.71428571428571, "percent_covered_display": "85.71", "missing_lines": 0, "excluded_lines": 0, "percent_statements_covered": 100.0, "percent_statements_covered_display": "100.00", "num_branches": 2, "num_partial_branches": 1, "covered_branches": 1, "missing_branches": 1, "percent_branches_covered": 50.0, "percent_branches_covered_display": "50.00"}, "missing_lines": [], "excluded_lines": [], "start_line": 351, "executed_branches": [[379, 380]], "missing_branches": [[379, 382]]}, "": {"executed_lines": [39, 41, 42, 44, 47, 48, 50, 51, 52, 53, 56, 57, 81, 82, 83, 84, 85, 86, 89, 144, 185, 319, 351], "summary": {"covered_lines": 23, "num_statements": 23, "percent_covered": 100.0, "percent_covered_display": "100.00", "missing_lines": 0, "excluded_lines": 0, "percent_statements_covered": 100.0, "percent_statements_covered_display": "100.00", "num_branches": 0, "num_partial_branches": 0, "covered_branches": 0, "missing_branches": 0, "percent_branches_covered": 100.0, "percent_branches_covered_display": "100.00"}, "missing_lines": [], "excluded_lines": [], "start_line": 1, "executed_branches": [], "missing_branches": []}}, "classes": {"OptimizationResult": {"executed_lines": [], "summary": {"covered_lines": 0, "num_statements": 0, "percent_covered": 100.0, "percent_covered_display": "100.00", "missing_lines": 0, "excluded_lines": 0, "percent_statements_covered": 100.0, "percent_statements_covered_display": "100.00", "num_branches": 0, "num_partial_branches": 0, "covered_branches": 0, "missing_branches": 0, "percent_branches_covered": 100.0, "percent_branches_covered_display": "100.00"}, "missing_lines": [], "excluded_lines": [], "start_line": 57, "executed_branches": [], "missing_branches": []},