{"meta": {"format": 3, "version": "7.13.2", "timestamp": "2026-03-31T18:24:16.451821", "branch_coverage": true, "show_contexts": false}, "files": {"projects/code_project/src/optimizer.py": {"executed_lines": [7, 9, 10, 11, 13, 15, 18, 19, 22, 23, 24, 25, 26, 27, 30, 43, 44, 46, 47, 49, 50, 51, 53, 54, 56, 57, 58, 60, 63, 67, 70, 71, 73, 76, 80, 83, 86, 114, 115, 116, 117, 118, 119, 121, 122, 123, 124, 125, 127, 128, 129, 131, 133, 134, 135, 137, 141, 142, 143, 144, 147, 148, 151, 153, 154, 156, 157, 161, 165, 175, 198, 199, 201, 202, 204, 207, 235, 236, 238, 239, 248], "summary": {"covered_lines": 81, "num_statements": 83, "percent_covered": 96.3963963963964, "percent_covered_display": "96.40", "missing_lines": 2, "excluded_lines": 0, "percent_statements_covered": 97.59036144578313, "percent_statements_covered_display": "97.59", "num_branches": 28, "num_partial_branches": 2, "covered_branches": 26, "missing_branches": 2, "percent_branches_covered": 92.85714285714286, "percent_branches_covered_display": "92.86"}, "missing_lines": [138, 139], "excluded_lines": [], "executed_branches": [[46, 47], [46, 49], [50, 51], [50, 53], [53, 54], [53, 56], [57, 58], [57, 60], [114, 115], [114, 116], [116, 117], [116, 118], [118, 119], [118, 121], [122, 123], [122, 124], [124, 125], [124, 127], [133, 134], [133, 153], [137, 141], [141, 142], [141, 147], [156, 157], [156, 161], [235, 236]], "missing_branches": [[137, 138], [235, 238]], "functions": {"_validate_quadratic_inputs": {"executed_lines": [43, 44, 46, 47, 49, 50, 51, 53, 54, 56, 57, 58, 60], "summary": {"covered_lines": 13, "num_statements": 13, "percent_covered": 100.0, "percent_covered_display": "100.00", "missing_lines": 0, "excluded_lines": 0, "percent_statements_covered": 100.0, "percent_statements_covered_display": "100.00", "num_branches": 8, "num_partial_branches": 0, "covered_branches": 8, "missing_branches": 0, "percent_branches_covered": 100.0, "percent_branches_covered_display": "100.00"}, "missing_lines": [], "excluded_lines": [], "start_line": 30, "executed_branches": [[46, 47], [46, 49], [50, 51], [50, 53], [53, 54], [53, 56], [57, 58], [57, 60]], "missing_branches": []}, "quadratic_function": {"executed_lines": [67, 70, 71, 73], "summary": {"covered_lines": 4, "num_statements": 4, "percent_covered": 100.0, "percent_covered_display": "100.00", "missing_lines": 0, "excluded_lines": 0, "percent_statements_covered": 100.0, "percent_statements_covered_display": "100.00", "num_branches": 0, "num_partial_branches": 0, "covered_branches": 0, "missing_branches": 0, "percent_branches_covered": 100.0, "percent_branches_covered_display": "100.00"}, "missing_lines": [], "excluded_lines": [], "start_line": 63, "executed_branches": [], "missing_branches": []}, "compute_gradient": {"executed_lines": [80, 83], "summary": {"covered_lines": 2, "num_statements": 2, "percent_covered": 100.0, "percent_covered_display": "100.00", "missing_lines": 0, "excluded_lines": 0, "percent_statements_covered": 100.0, "percent_statements_covered_display": "100.00", "num_branches": 0, "num_partial_branches": 0, "covered_branches": 0, "missing_branches": 0, "percent_branches_covered": 100.0, "percent_branches_covered_display": "100.00"}, "missing_lines": [], "excluded_lines": [], "start_line": 76, "executed_branches": [], "missing_branches": []}, "gradient_descent": {"executed_lines": [114, 115, 116, 117, 118, 119, 121, 122, 123, 124, 125, 127, 128, 129, 131, 133, 134, 135, 137, 141, 142, 143, 144, 147, 148, 151, 153, 154, 156, 157, 161, 165], "summary": {"covered_lines": 32, "num_statements": 34, "percent_covered": 94.23076923076923, "percent_covered_display": "94.23", "missing_lines": 2, "excluded_lines": 0, "percent_statements_covered": 94.11764705882354, "percent_statements_covered_display": "94.12", "num_branches": 18, "num_partial_branches": 1, "covered_branches": 17, "missing_branches": 1, "percent_branches_covered": 94.44444444444444, "percent_branches_covered_display": "94.44"}, "missing_lines": [138, 139], "excluded_lines": [], "start_line": 86, "executed_branches": [[114, 115], [114, 116], [116, 117], [116, 118], [118, 119], [118, 121], [122, 123], [122, 124], [124, 125], [124, 127], [133, 134], [133, 153], [137, 141], [141, 142], [141, 147], [156, 157], [156, 161]], "missing_branches": [[137, 138]]}, "make_quadratic_problem": {"executed_lines": [198, 201, 204], "summary": {"covered_lines": 3, "num_statements": 3, "percent_covered": 100.0, "percent_covered_display": "100.00", "missing_lines": 0, "excluded_lines": 0, "percent_statements_covered": 100.0, "percent_statements_covered_display": "100.00", "num_branches": 0, "num_partial_branches": 0, "covered_branches": 0, "missing_branches": 0, "percent_branches_covered": 100.0, "percent_branches_covered_display": "100.00"}, "missing_lines": [], "excluded_lines": [], "start_line": 175, "executed_branches": [], "missing_branches": []}, "make_quadratic_problem.obj_func": {"executed_lines": [199], "summary": {"covered_lines": 1, "num_statements": 1, "percent_covered": 100.0, "percent_covered_display": "100.00", "missing_lines": 0, "excluded_lines": 0, "percent_statements_covered": 100.0, "percent_statements_covered_display": "100.00", "num_branches": 0, "num_partial_branches": 0, "covered_branches": 0, "missing_branches": 0, "percent_branches_covered": 100.0, "percent_branches_covered_display": "100.00"}, "missing_lines": [], "excluded_lines": [], "start_line": 198, "executed_branches": [], "missing_branches": []}, "make_quadratic_problem.grad_func": {"executed_lines": [202], "summary": {"covered_lines": 1, "num_statements": 1, "percent_covered": 100.0, "percent_covered_display": "100.00", "missing_lines": 0, "excluded_lines": 0, "percent_statements_covered": 100.0, "percent_statements_covered_display": "100.00", "num_branches": 0, "num_partial_branches": 0, "covered_branches": 0, "missing_branches": 0, "percent_branches_covered": 100.0, "percent_branches_covered_display": "100.00"}, "missing_lines": [], "excluded_lines": [], "start_line": 201, "executed_branches": [], "missing_branches": []}, "simulate_trajectory": {"executed_lines": [235, 236, 238, 239, 248], "summary": {"covered_lines": 5, "num_statements": 5, "percent_covered": 85.71428571428571, "percent_covered_display": "85.71", "missing_lines": 0, "excluded_lines": 0, "percent_statements_covered": 100.0, "percent_statements_covered_display": "100.00", "num_branches": 2, "num_partial_branches": 1, "covered_branches": 1, "missing_branches": 1, "percent_branches_covered": 50.0, "percent_branches_covered_display": "50.00"}, "missing_lines": [], "excluded_lines": [], "start_line": 207, "executed_branches": [[235, 236]], "missing_branches": [[235, 238]]}, "": {"executed_lines": [7, 9, 10, 11, 13, 15, 18, 19, 22, 23, 24, 25, 26, 27, 30, 63, 76, 86, 175, 207], "summary": {"covered_lines": 20, "num_statements": 20, "percent_covered": 100.0, "percent_covered_display": "100.00", "missing_lines": 0, "excluded_lines": 0, "percent_statements_covered": 100.0, "percent_statements_covered_display": "100.00", "num_branches": 0, "num_partial_branches": 0, "covered_branches": 0, "missing_branches": 0, "percent_branches_covered": 100.0, "percent_branches_covered_display": "100.00"}, "missing_lines": [], "excluded_lines": [], "start_line": 1, "executed_branches": [], "missing_branches": []}}, "classes": {"OptimizationResult": {"executed_lines": [], "summary": {"covered_lines": 0, "num_statements": 0, "percent_covered": 100.0, "percent_covered_display": "100.00", "missing_lines": 0, "excluded_lines": 0, "percent_statements_covered": 100.0, "percent_statements_covered_display": "100.00", "num_branches": 0, "num_partial_branches": 0, "covered_branches": 0, "missing_branches": 0, "percent_branches_covered": 100.0, "percent_branches_covered_display": "100.00"}, "missing_lines": [], "excluded_lines": [], "start_line": 19, "executed_branches": [], "missing_branches": []},