{"meta": {"format": 3, "version": "7.13.2", "timestamp": "2026-03-17T15:48:35.070580", "branch_coverage": false, "show_contexts": false}, "files": {"projects/template/src/template/__init__.py": {"executed_lines": [14, 16, 29], "summary": {"covered_lines": 3, "num_statements": 3, "percent_covered": 100.0, "percent_covered_display": "100", "missing_lines": 0, "excluded_lines": 0, "percent_statements_covered": 100.0, "percent_statements_covered_display": "100"}, "missing_lines": [], "excluded_lines": [], "functions": {"": {"executed_lines": [14, 16, 29], "summary": {"covered_lines": 3, "num_statements": 3, "percent_covered": 100.0, "percent_covered_display": "100", "missing_lines": 0, "excluded_lines": 0, "percent_statements_covered": 100.0, "percent_statements_covered_display": "100"}, "missing_lines": [], "excluded_lines": [], "start_line": 1}}, "classes": {"": {"executed_lines": [14, 16, 29], "summary": {"covered_lines": 3, "num_statements": 3, "percent_covered": 100.0, "percent_covered_display": "100", "missing_lines": 0, "excluded_lines": 0, "percent_statements_covered": 100.0, "percent_statements_covered_display": "100"}, "missing_lines": [], "excluded_lines": [], "start_line": 1}}}, "projects/template/src/template/introspection.py": {"executed_lines": [8, 10, 11, 12, 13, 14, 16, 18, 20, 23, 28, 30, 37, 38, 41, 42, 43, 44, 45, 46, 47, 50, 51, 54, 55, 56, 57, 58, 59, 60, 61, 62, 65, 66, 69, 70, 71, 72, 75, 76, 79, 80, 81, 82, 85, 86, 89, 90, 91, 92, 93, 94, 95, 97, 98, 99, 101, 102, 103, 105, 106, 107, 114, 123, 124, 125, 126, 128, 129, 130, 131, 133, 134, 137, 138, 139, 140, 141, 142, 143, 152, 162, 163, 166, 177, 178, 179, 180, 182, 183, 184, 185, 187, 188, 192, 193, 194, 195, 200, 201, 207, 208, 211, 212, 214, 226, 227, 230, 241, 242, 243, 245, 246, 248, 249, 250, 251, 252, 253, 260, 261, 264, 273, 274, 275, 276, 278, 279, 280, 285, 286, 294, 306, 307, 308, 311, 312, 315, 316, 317, 318, 322, 332, 337], "summary": {"covered_lines": 144, "num_statements": 155, "percent_covered": 92.90322580645162, "percent_covered_display": "93", "missing_lines": 11, "excluded_lines": 0, "percent_statements_covered": 92.90322580645162, "percent_statements_covered_display": "93"}, "missing_lines": [145, 149, 150, 189, 196, 197, 281, 282, 283, 319, 320], "excluded_lines": [], "functions": {"_is_excluded_path": {"executed_lines": [30], "summary": {"covered_lines": 1, "num_statements": 1, "percent_covered": 100.0, "percent_covered_display": "100", "missing_lines": 0, "excluded_lines": 0, "percent_statements_covered": 100.0, "percent_statements_covered_display": "100"}, "missing_lines": [], "excluded_lines": [], "start_line": 28}, "InfrastructureReport.module_count": {"executed_lines": [99], "summary": {"covered_lines": 1, "num_statements": 1, "percent_covered": 100.0, "percent_covered_display": "100", "missing_lines": 0, "excluded_lines": 0, "percent_statements_covered": 100.0, "percent_statements_covered_display": "100"}, "missing_lines": [], "excluded_lines": [], "start_line": 98}, "InfrastructureReport.project_count": {"executed_lines": [103], "summary": {"covered_lines": 1, "num_statements": 1, "percent_covered": 100.0, "percent_covered_display": "100", "missing_lines": 0, "excluded_lines": 0, "percent_statements_covered": 100.0, "percent_statements_covered_display": "100"}, "missing_lines": [], "excluded_lines": [], "start_line": 102}, "InfrastructureReport.stage_count": {"executed_lines": [107], "summary": {"covered_lines": 1, "num_statements": 1, "percent_covered": 100.0, "percent_covered_display": "100", "missing_lines": 0, "excluded_lines": 0, "percent_statements_covered": 100.0, "percent_statements_covered_display": "100"}, "missing_lines": [], "excluded_lines": [], "start_line": 106}, "discover_infrastructure_modules": {"executed_lines": [123, 124, 125, 126, 128, 129, 130, 131, 133, 134, 137, 138, 139, 140, 141, 142, 143, 152, 162, 163], "summary": {"covered_lines": 20, "num_statements": 23, "percent_covered": 86.95652173913044, "percent_covered_display": "87", "missing_lines": 3, "excluded_lines": 0, "percent_statements_covered": 86.95652173913044, "percent_statements_covered_display": "87"}, "missing_lines": [145, 149, 150], "excluded_lines": [], "start_line": 114}, "discover_projects": {"executed_lines": [177, 178, 179, 180, 182, 183, 184, 185, 187, 188, 192, 193, 194, 195, 200, 201, 207, 208, 211, 212, 214, 226, 227], "summary": {"covered_lines": 23, "num_statements": 26, "percent_covered": 88.46153846153847, "percent_covered_display": "88", "missing_lines": 3, "excluded_lines": 0, "percent_statements_covered": 88.46153846153847, "percent_statements_covered_display": "88"}, "missing_lines": [189, 196, 197], "excluded_lines": [], "start_line": 166}, "count_pipeline_stages": {"executed_lines": [241, 242, 243, 245, 246, 248, 249, 250, 251, 252, 253, 260, 261], "summary": {"covered_lines": 13, "num_statements": 13, "percent_covered": 100.0, "percent_covered_display": "100", "missing_lines": 0, "excluded_lines": 0, "percent_statements_covered": 100.0, "percent_statements_covered_display": "100"}, "missing_lines": [], "excluded_lines": [], "start_line": 230}, "analyze_test_coverage_config": {"executed_lines": [273, 274, 275, 276, 278, 279, 280, 285, 286], "summary": {"covered_lines": 9, "num_statements": 12, "percent_covered": 75.0, "percent_covered_display": "75", "missing_lines": 3, "excluded_lines": 0, "percent_statements_covered": 75.0, "percent_statements_covered_display": "75"}, "missing_lines": [281, 282, 283], "excluded_lines": [], "start_line": 264}, "build_infrastructure_report": {"executed_lines": [306, 307, 308, 311, 312, 315, 316, 317, 318, 322, 332, 337], "summary": {"covered_lines": 12, "num_statements": 14, "percent_covered": 85.71428571428571, "percent_covered_display": "86", "missing_lines": 2, "excluded_lines": 0, "percent_statements_covered": 85.71428571428571, "percent_statements_covered_display": "86"}, "missing_lines": [319, 320], "excluded_lines": [], "start_line": 294}, "": {"executed_lines": [8, 10, 11, 12, 13, 14, 16, 18, 20, 23, 28, 37, 38, 41, 42, 43, 44, 45, 46, 47, 50, 51, 54, 55, 56, 57, 58, 59, 60, 61, 62, 65, 66, 69, 70, 71, 72, 75, 76, 79, 80, 81, 82, 85, 86, 89, 90, 91, 92, 93, 94, 95, 97, 98, 101, 102, 105, 106, 114, 166, 230, 264, 294], "summary": {"covered_lines": 63, "num_statements": 63, "percent_covered": 100.0, "percent_covered_display": "100", "missing_lines": 0, "excluded_lines": 0, "percent_statements_covered": 100.0, "percent_statements_covered_display": "100"}, "missing_lines": [], "excluded_lines": [], "start_line": 1}}, "classes": {"ModuleInfo": {"executed_lines": [], "summary": {"covered_lines": 0, "num_statements": 0, "percent_covered": 100.0, "percent_covered_display": "100", "missing_lines": 0, "excluded_lines": 0, "percent_statements_covered": 100.0, "percent_statements_covered_display": "100"}, "missing_lines": [], "excluded_lines": [], "start_line": 38}, "ProjectInfo": {"executed_lines": [], "summary": {"covered_lines": 0, "num_statements": 0, "percent_covered": 100.0, "percent_covered_display": "100", "missing_lines": 0, "excluded_lines": 0, "percent_statements_covered": 100.0, "percent_statements_covered_display": "100"}, "missing_lines": [], "excluded_lines": [], "start_line": 51}, "PipelineStage": {"executed_lines": [], "summary": {"covered_lines": 0, "num_statements": 0, "percent_covered": 100.0, "percent_covered_display": "100", "missing_lines": 0, "excluded_lines": 0, "percent_statements_covered": 100.0, "percent_statements_covered_display": "100"}, "missing_lines": [], "excluded_lines": [], "start_line": 66}, "CoverageConfig": {"executed_lines": [], "summary": {"covered_lines": 0, "num_statements": 0, "percent_covered": 100.0, "percent_covered_display": "100", "missing_lines": 0, "excluded_lines": 0, "percent_statements_covered": 100.0, "percent_statements_covered_display": "100"}, "missing_lines": [], "excluded_lines": [], "start_line": 76},