{
  "exponential_decay": {
    "half_life": 1.3862943611198906,
    "t": [
      0.0,
      1.0,
      2.0,
      3.0,
      4.0,
      5.0,
      6.0,
      7.0,
      8.0,
      9.0,
      10.0
    ],
    "y": [
      100.0,
      60.653065971263345,
      36.787944117144235,
      22.313016014842983,
      13.53352832366127,
      8.20849986238988,
      4.978706836786395,
      3.0197383422318502,
      1.8315638888734178,
      1.1108996538242306,
      0.6737946999085467
    ]
  },
  "logistic_growth": {
    "N": [
      5.0,
      10.485202407751007,
      20.678101781178526,
      36.71555681146766,
      56.35447810184569,
      74.18413371607367,
      86.4778709397354,
      93.43529148947893,
      96.93965501196216,
      98.60132731840255,
      99.36665779714015
    ],
    "stats": {
      "count": 11.0,
      "max": 99.36665779714015,
      "mean": 61.65802503409416,
      "min": 5.0,
      "std": 35.6404555788116
    },
    "t": [
      0.0,
      1.0,
      2.0,
      3.0,
      4.0,
      5.0,
      6.0,
      7.0,
      8.0,
      9.0,
      10.0
    ]
  }
}