{
  "sweep": {
    "max_residual": 4.440892098500626e-16,
    "rmse_mi": 2.122461271936776e-16,
    "argmax_lambda": 4.0,
    "grid_points": 21
  },
  "si_tmaze": {
    "steps": 2,
    "action_diversity": 2,
    "goal_reached": true,
    "entropy_min": 0.32508314364563223,
    "entropy_max": 0.32508314364563223,
    "entropy_mean": 0.32508314364563223
  },
  "pymdp_mode": "state_inference",
  "pymdp_config_hash": "ea4b126a9c22f22f"
}