{
  "iteration": 100,
  "parameters": {
    "max_iterations": 100,
    "target_value": 5.0
  },
  "results": {
    "iteration_0": {
      "value": 0.4967141530112327,
      "error": 4.503285846988767,
      "step_size": 0.4967141530112327
    },
    "iteration_1": {
      "value": 0.358449851840048,
      "error": 4.641550148159952,
      "step_size": -0.13826430117118466
    },
    "iteration_2": {
      "value": 1.0061383899407406,
      "error": 3.9938616100592594,
      "step_size": 0.6476885381006925
    },
    "iteration_3": {
      "value": 2.5291682463487657,
      "error": 2.4708317536512343,
      "step_size": 1.5230298564080254
    },
    "iteration_4": {
      "value": 2.2950148716254297,
      "error": 2.7049851283745703,
      "step_size": -0.23415337472333597
    },
    "iteration_5": {
      "value": 2.060877914676249,
      "error": 2.939122085323751,
      "step_size": -0.23413695694918055
    },
    "iteration_6": {
      "value": 3.6400907301836405,
      "error": 1.3599092698163595,
      "step_size": 1.5792128155073915
    },
    "iteration_7": {
      "value": 4.407525459336549,
      "error": 0.5924745406634511,
      "step_size": 0.7674347291529088
    },
    "iteration_8": {
      "value": 3.938051073401597,
      "error": 1.061948926598403,
      "step_size": -0.4694743859349521
    },
    "iteration_9": {
      "value": 4.4806111169875615,
      "error": 0.5193888830124385,
      "step_size": 0.5425600435859647
    },
    "iteration_10": {
      "value": 4.017193424175099,
      "error": 0.9828065758249007,
      "step_size": -0.46341769281246226
    },
    "iteration_11": {
      "value": 3.5514636706048424,
      "error": 1.4485363293951576,
      "step_size": -0.46572975357025687
    },
    "iteration_12": {
      "value": 3.7934259421708765,
      "error": 1.2065740578291235,
      "step_size": 0.24196227156603412
    },
    "iteration_13": {
      "value": 1.8801456975130786,
      "error": 3.1198543024869214,
      "step_size": -1.913280244657798
    },
    "iteration_14": {
      "value": 0.15522786500004582,
      "error": 4.844772134999954,
      "step_size": -1.7249178325130328
    },
    "iteration_15": {
      "value": -0.4070596642409269,
      "error": 5.4070596642409265,
      "step_size": -0.5622875292409727
    },
    "iteration_16": {
      "value": -1.4198907845753506,
      "error": 6.419890784575351,
      "step_size": -1.0128311203344238
    },
    "iteration_17": {
      "value": -1.1056434519800766,
      "error": 6.105643451980077,
      "step_size": 0.3142473325952739
    },
    "iteration_18": {
      "value": -2.013667527501288,
      "error": 7.013667527501288,
      "step_size": -0.9080240755212111
    },
    "iteration_19": {
      "value": -3.4259712288365796,
      "error": 8.42597122883658,
      "step_size": -1.4123037013352917
    },
    "iteration_20": {
      "value": -1.9603224599150255,
      "error": 6.960322459915026,
      "step_size": 1.465648768921554
    },
    "iteration_21": {
      "value": -2.186098760401561,
      "error": 7.186098760401562,
      "step_size": -0.22577630048653566
    },
    "iteration_22": {
      "value": -2.1185705557136374,
      "error": 7.118570555713637,
      "step_size": 0.06752820468792384
    },
    "iteration_23": {
      "value": -3.543318741927094,
      "error": 8.543318741927095,
      "step_size": -1.4247481862134568
    },
    "iteration_24": {
      "value": -4.087701466452277,
      "error": 9.087701466452277,
      "step_size": -0.5443827245251827
    },
    "iteration_25": {
      "value": -3.9767788767424106,
      "error": 8.976778876742411,
      "step_size": 0.11092258970986608
    },
    "iteration_26": {
      "value": -5.127772454164713,
      "error": 10.127772454164713,
      "step_size": -1.1509935774223028
    },
    "iteration_27": {
      "value": -4.752074435819042,
      "error": 9.752074435819042,
      "step_size": 0.37569801834567196
    },
    "iteration_28": {
      "value": -5.352713125737846,
      "error": 10.352713125737846,
      "step_size": -0.600638689918805
    },
    "iteration_29": {
      "value": -5.644406875531123,
      "error": 10.644406875531123,
      "step_size": -0.2916937497932768
    },
    "iteration_30": {
      "value": -6.24611348776052,
      "error": 11.246113487760521,
      "step_size": -0.6017066122293969
    },
    "iteration_31": {
      "value": -4.393835303251582,
      "error": 9.393835303251581,
      "step_size": 1.8522781845089378
    },
    "iteration_32": {
      "value": -4.407332527989516,
      "error": 9.407332527989517,
      "step_size": -0.013497224737933914
    },
    "iteration_33": {
      "value": -5.465043456945416,
      "error": 10.465043456945416,
      "step_size": -1.0577109289559
    },
    "iteration_34": {
      "value": -4.642498544842227,
      "error": 9.642498544842226,
      "step_size": 0.822544912103189
    },
    "iteration_35": {
      "value": -5.863342194813249,
      "error": 10.86334219481325,
      "step_size": -1.2208436499710222
    },
    "iteration_36": {
      "value": -5.654478599808494,
      "error": 10.654478599808494,
      "step_size": 0.2088635950047554
    },
    "iteration_37": {
      "value": -7.6141487236882694,
      "error": 12.61414872368827,
      "step_size": -1.9596701238797756
    },
    "iteration_38": {
      "value": -8.9423347725867,
      "error": 13.9423347725867,
      "step_size": -1.3281860488984305
    },
    "iteration_39": {
      "value": -8.745473536717576,
      "error": 13.745473536717576,
      "step_size": 0.19686123586912352
    },
    "iteration_40": {
      "value": -8.007006956722165,
      "error": 13.007006956722165,
      "step_size": 0.7384665799954104
    },
    "iteration_41": {
      "value": -7.835638675532195,
      "error": 12.835638675532195,
      "step_size": 0.1713682811899705
    },
    "iteration_42": {
      "value": -7.951286957920435,
      "error": 12.951286957920434,
      "step_size": -0.11564828238824053
    },
    "iteration_43": {
      "value": -8.252390653509725,
      "error": 13.252390653509725,
      "step_size": -0.3011036955892888
    },
    "iteration_44": {
      "value": -9.730912643877152,
      "error": 14.730912643877152,
      "step_size": -1.4785219903674274
    },
    "iteration_45": {
      "value": -10.45075685227186,
      "error": 15.45075685227186,
      "step_size": -0.7198442083947086
    },
    "iteration_46": {
      "value": -10.911395623231648,
      "error": 15.911395623231648,
      "step_size": -0.4606387709597875
    },
    "iteration_47": {
      "value": -9.854273397012733,
      "error": 14.854273397012733,
      "step_size": 1.0571222262189157
    },
    "iteration_48": {
      "value": -9.510655107444272,
      "error": 14.510655107444272,
      "step_size": 0.3436182895684614
    },
    "iteration_49": {
      "value": -11.273695262807006,
      "error": 16.273695262807006,
      "step_size": -1.763040155362734
    },
    "iteration_50": {
      "value": -10.949611293412211,
      "error": 15.949611293412211,
      "step_size": 0.324083969394795
    },
    "iteration_51": {
      "value": -11.334693573828527,
      "error": 16.334693573828527,
      "step_size": -0.38508228041631654
    },
    "iteration_52": {
      "value": -12.011615574134487,
      "error": 17.01161557413449,
      "step_size": -0.6769220003059587
    },
    "iteration_53": {
      "value": -11.399939285293618,
      "error": 16.39993928529362,
      "step_size": 0.6116762888408679
    },
    "iteration_54": {
      "value": -10.368939762797666,
      "error": 15.368939762797666,
      "step_size": 1.030999522495951
    },
    "iteration_55": {
      "value": -9.437659643681467,
      "error": 14.437659643681467,
      "step_size": 0.9312801191161986
    },
    "iteration_56": {
      "value": -10.276877166904105,
      "error": 15.276877166904105,
      "step_size": -0.8392175232226385
    },
    "iteration_57": {
      "value": -10.58608954275532,