{
  "configurations": [
    "Full CIF",
    "- Firewall",
    "- Trust Calculus",
    "- Drift Detection",
    "- Consensus",
    "- Tripwire",
    "- Invariant Check",
    "- Provenance",
    "- Sandbox"
  ],
  "detection_rates": [
    0.9639538247832546,
    0.8186129446220063,
    0.8725739276437715,
    0.9094260870253552,
    0.8961729410299862,
    0.9266001383579896,
    0.9172416431419952,
    0.9414914822321613,
    0.9504272772082116
  ],
  "cis": [
    0.019252580750357216,
    0.017469546589801734,
    0.02132626955480903,
    0.019293330185565588,
    0.014908576644481199,
    0.02183834653932259,
    0.010838539638430967,
    0.008386105243275628,
    0.00953081363318591
  ],
  "seed": 42
}