{
  "colony_sizes": [
    3,
    5,
    10,
    20,
    50
  ],
  "convergence_steps": [
    15,
    23,
    34,
    60,
    135
  ],
  "integrity_scores": [
    0.9792326558801497,
    0.9783269255448639,
    0.9695075725774529,
    0.9578835084397792,
    0.9296014089454679
  ],
  "attack_success_rate": [
    0.017563327830209852,
    0.022764437637884563,
    0.03338650193822799,
    0.05501376586199259,
    0.1219988711336172
  ],
  "seed": 42
}