{
  "architectures": [
    "Claude Code",
    "AutoGPT",
    "CrewAI",
    "LangGraph",
    "MetaGPT",
    "CAMEL"
  ],
  "categories": [
    "Injection",
    "Trust Exploitation",
    "Belief Manipulation",
    "Coordination"
  ],
  "means": [
    [
      0.9815235853987722,
      0.9348000794687975,
      0.9137522559790323,
      0.964702823581956
    ],
    [
      0.9402448240567308,
      0.8934891024656885,
      0.8806392020158365,
      0.9284187870382822
    ],
    [
      0.9599159942124785,
      0.9157347803621322,
      0.8943969898743142,
      0.9438889596771447
    ],
    [
      0.970330153487806,
      0.9356362060348402,
      0.9023375467112602,
      0.9457035376855838
    ],
    [
      0.9418437539204124,
      0.885205586995855,
      0.8643922515065363,
      0.9197503704450688
    ],
    [
      0.9290756881822737,
      0.8665953522779802,
      0.8261127066933701,
      0.899227352589656
    ]
  ],
  "cis": [
    [
      0.021232519450253954,
      0.011308858033483448,
      0.015934257063359582,
      0.00874466401838289
    ],
    [
      0.010622921365148313,
      0.01961183220512173,
      0.020660956650432893,
      0.02444766545138157
    ],
    [
      0.013539031088348584,
      0.014297815002592772,
      0.015982448791688735,
      0.011221013104432857
    ],
    [
      0.010208665590703018,
      0.016086983745840874,
      0.01185745893386503,
      0.01938683790960268
    ],
    [
      0.015431582620829623,
      0.02215552933298324,
      0.019904506734038235,
      0.0133102329034947
    ],
    [
      0.022148416623718418,
      0.021680994077445632,
      0.014587132443512967,
      0.01290157776681415
    ]
  ],
  "seed": 42
}