{
  "agent_counts": [
    2,
    3,
    5,
    7,
    10,
    15,
    20,
    30,
    50,
    100
  ],
  "latency_ms": [
    9.82285755589638,
    10.127191097549364,
    14.357827126143789,
    16.615158138977783,
    22.578238797379967,
    33.26257645167708,
    40.085688360288664,
    67.3606575672854,
    129.0592546914144,
    353.7222443035133
  ],
  "memory_mb": [
    64.74740318520108,
    81.68326493171936,
    86.07600857070697,
    111.46886825983975,
    122.58328229940543,
    170.0155823857031,
    213.2702213777566,
    297.0923983288047,
    461.64022048118125,
    873.8720947036744
  ],
  "regression_coeffs": [
    0.020686057895011073,
    1.4075824172473441,
    6.2366494312371366
  ],
  "r_squared": 0.9998997468947519,
  "seed": 42
}