{
  "sweeps": [
    {
      "parameter": "injection_threshold",
      "best_value": 0.45,
      "best_metric": 1.0,
      "values": [
        0.3,
        0.325,
        0.35,
        0.375,
        0.4,
        0.42500000000000004,
        0.45,
        0.47500000000000003,
        0.5,
        0.525,
        0.55,
        0.5750000000000001,
        0.6000000000000001,
        0.625,
        0.6500000000000001,
        0.675,
        0.7000000000000001,
        0.7250000000000001,
        0.75,
        0.7750000000000001,
        0.8,
        0.8250000000000002,
        0.8500000000000001,
        0.875,
        0.9
      ],
      "metrics": [
        0.8527735853987722,
        0.8798000794687977,
        0.9200022559790323,
        0.9497028235819561,
        0.9614948240567309,
        0.9884891024656886,
        1.0,
        1.0,
        1.0,
        1.0,
        1.0,
        1.0,
        1.0,
        1.0,
        1.0,
        1.0,
        1.0,
        1.0,
        1.0,
        1.0,
        1.0,
        1.0,
        1.0,
        0.9942273525896561,
        0.9691083608891845
      ]
    },
    {
      "parameter": "drift_threshold",
      "best_value": 0.1,
      "best_metric": 1.0,
      "values": [
        0.1,
        0.12083333333333333,
        0.14166666666666666,
        0.1625,
        0.18333333333333335,
        0.20416666666666666,
        0.225,
        0.24583333333333332,
        0.26666666666666666,
        0.2875,
        0.30833333333333335,
        0.32916666666666666,
        0.35,
        0.37083333333333335,
        0.3916666666666666,
        0.4125,
        0.43333333333333335,
        0.4541666666666666,
        0.475,
        0.49583333333333335,
        0.5166666666666666,
        0.5375,
        0.5583333333333333,
        0.5791666666666666,
        0.6
      ],
      "metrics": [
        1.0,
        1.0,
        1.0,
        1.0,
        1.0,
        1.0,
        1.0,
        1.0,
        1.0,
        1.0,
        1.0,
        1.0,
        1.0,
        1.0,
        1.0,
        1.0,
        1.0,
        1.0,
        1.0,
        1.0,
        0.9894267763169785,
        0.975372768889741,
        0.9535138110772068,
        0.935868526148693,
        0.9115878953474446
      ]
    },
    {
      "parameter": "trust_decay",
      "best_value": 0.68375,
      "best_metric": 1.0,
      "values": [
        0.5,
        0.5204166666666666,
        0.5408333333333333,
        0.56125,
        0.5816666666666667,
        0.6020833333333333,
        0.6225,
        0.6429166666666667,
        0.6633333333333333,
        0.68375,
        0.7041666666666666,
        0.7245833333333334,
        0.745,
        0.7654166666666666,
        0.7858333333333334,
        0.80625,
        0.8266666666666667,
        0.8470833333333333,
        0.8674999999999999,
        0.8879166666666667,
        0.9083333333333333,
        0.92875,
        0.9491666666666667,
        0.9695833333333334,
        0.99
      ],
      "metrics": [
        0.72519559699345,
        0.7685309202958593,
        0.7972121375673883,
        0.8395219564182136,
        0.8728898033952027,
        0.9036675899254499,
        0.9346055387438666,
        0.9700741857228388,
        0.9823875110882004,
        1.0,
        1.0,
        1.0,
        1.0,
        1.0,
        1.0,
        1.0,
        1.0,
        1.0,
        1.0,
        1.0,
        1.0,
        1.0,
        1.0,
        1.0,
        1.0
      ]
    },
    {
      "parameter": "consensus_quorum",
      "best_value": 0.5,
      "best_metric": 1.0,
      "values": [
        0.5,
        0.5166666666666667,
        0.5333333333333333,
        0.55,
        0.5666666666666667,
        0.5833333333333334,
        0.6,
        0.6166666666666667,
        0.6333333333333333,
        0.65,
        0.6666666666666666,
        0.6833333333333333,
        0.7,
        0.7166666666666667,
        0.7333333333333334,
        0.75,
        0.7666666666666666,
        0.7833333333333333,
        0.8,
        0.8166666666666667,
        0.8333333333333333,
        0.85,
        0.8666666666666667,
        0.8833333333333333,
        0.9
      ],
      "metrics": [
        1.0,
        1.0,
        1.0,
        1.0,
        1.0,
        1.0,
        1.0,
        1.0,
        1.0,
        1.0,
        1.0,
        1.0,
        1.0,
        1.0,
        1.0,
        1.0,
        1.0,
        1.0,
        1.0,
        1.0,
        1.0,
        1.0,
        0.9865968214175482,
        0.9762485933558395,
        0.9510001047231997
      ]
    }
  ],
  "sensitivity_index": {
    "trust_decay": 0.27480440300654996,
    "injection_threshold": 0.14722641460122776,
    "drift_threshold": 0.08841210465255545,
    "consensus_quorum": 0.048999895276800265
  },
  "grid_best": {
    "injection": 0.4285714285714286,
    "drift": 0.2142857142857143,
    "dr": 1.0
  }
}