{
  "generative_model_inference": {
    "count": 2,
    "mean": 0.5,
    "std": 0.42426406871192857,
    "var": 0.18000000000000002,
    "median": 0.5,
    "min": 0.2,
    "max": 0.8,
    "range": 0.6000000000000001,
    "q25": 0.35000000000000003,
    "q75": 0.65,
    "iqr": 0.3,
    "skewness": 0.0,
    "kurtosis": 0.0
  },
  "meta_cognitive_confidence": {
    "count": 3,
    "mean": 0.5733905081500638,
    "std": 0.1592314706768941,
    "var": 0.02535466125392659,
    "median": 0.5237002800029205,
    "min": 0.4449293204159791,
    "max": 0.7515419240312918,
    "range": 0.30661260361531273,
    "q25": 0.4843148002094498,
    "q75": 0.6376211020171061,
    "iqr": 0.1533063018076563,
    "skewness": 0.5174666577447143,
    "kurtosis": -1.4999999999999993
  }
}