{
  "case_study": {
    "condition_means": {
      "control": 2.2,
      "treatment_high": 4.949999999999999,
      "treatment_low": 3.5
    },
    "extrapolation": {
      "dose": 3.0,
      "linear_prediction": 6.299999999999999,
      "saturating_probe_response": 5.3
    },
    "linear_fit": {
      "intercept": 2.1750000000000003,
      "r_squared": 0.9990092470277411,
      "slope": 1.3749999999999998
    },
    "overall": {
      "count": 6.0,
      "max": 5.1,
      "mean": 3.5499999999999994,
      "min": 2.1,
      "std": 1.129527924990495
    },
    "source": "<home>/Documents/GitHub/template/projects/templates/template_textbook/manuscript/assets/data/sample_dataset.csv"
  },
  "exponential_decay": {
    "half_life": 1.3862943611198906,
    "parameters": {
      "initial": 100.0,
      "rate": 0.5
    },
    "t": [
      0.0,
      1.0,
      2.0,
      3.0,
      4.0,
      5.0,
      6.0,
      7.0,
      8.0,
      9.0,
      10.0
    ],
    "y": [
      100.0,
      60.653065971263345,
      36.787944117144235,
      22.313016014842983,
      13.53352832366127,
      8.20849986238988,
      4.978706836786395,
      3.0197383422318502,
      1.8315638888734178,
      1.1108996538242306,
      0.6737946999085467
    ]
  },
  "logistic_growth": {
    "N": [
      5.0,
      10.485202407751007,
      20.678101781178526,
      36.71555681146766,
      56.35447810184569,
      74.18413371607367,
      86.4778709397354,
      93.43529148947893,
      96.93965501196216,
      98.60132731840255,
      99.36665779714015
    ],
    "parameters": {
      "carrying_capacity": 100.0,
      "initial": 5.0,
      "r": 0.8
    },
    "sensitivity_rates": [
      0.4,
      0.8,
      1.2
    ],
    "stats": {
      "count": 11.0,
      "max": 99.36665779714015,
      "mean": 61.65802503409416,
      "min": 5.0,
      "std": 35.6404555788116
    },
    "t": [
      0.0,
      1.0,
      2.0,
      3.0,
      4.0,
      5.0,
      6.0,
      7.0,
      8.0,
      9.0,
      10.0
    ],
    "unfilled_capacity_percent_at_final_time": 0.6333422028598505
  }
}