{
  "pipeline_start_time": 1769609300.320225,
  "last_stage_completed": 1,
  "stage_results": [
    {
      "name": "Clean Output Directories",
      "exit_code": 0,
      "duration": 0.00929117202758789,
      "timestamp": "2026-01-28 06:08:20",
      "completed": true
    }
  ],
  "total_stages": 9,
  "checkpoint_time": 1769609300.329553
}