step_size,solution,objective_value,iterations,converged,gradient_norm
0.01,0.633968,-0.433010,100,False,3.66e-01
0.05,0.994079,-0.499982,100,False,5.92e-03
0.1,0.999973,-0.500000,100,False,2.66e-05
0.2,1.000000,-0.500000,83,True,9.05e-09
